Service Category,Package/Tier,Recommended Price,Competitive Positioning,Justification
Corporate Workshop Packages,Basic Workshop (1-2 hours),£25 per employee,"Mid-range vs Virgin Pulse (£13.50-53), premium vs Headspace (£7.50-15)",Unique neuroscience approach commands premium over basic wellness
Corporate Workshop Packages,Premium Workshop (3-4 hours),£45 per employee,"Premium positioning vs most competitors, justified by neuroscience focus",Multi-hour format with expert content justifies higher per-employee cost
Corporate Workshop Packages,Elite Workshop Series (Multi-session),£75 per employee,High-end positioning for comprehensive multi-session programs,Comprehensive program with ongoing support warrants premium pricing
Certification Program - Level 1,Cognitive Fitness Foundation,£399,"Competitive with NASM specializations (£199-899), below brain certifications",Entry-level certification accessible to fitness professionals
Certification Program - Level 2,Advanced Neuroscience Training,£699,"Premium pricing for advanced content, middle of certification market",Advanced content with neuroscience depth supports higher pricing
Certification Program - Level 3,Master Trainer Certification,£999,Top-tier pricing justified by unique neuroscience + fitness combination,Unique combination of cognitive science + fitness training
Mobile App - Free Tier,Basic (Limited features),Free,Standard freemium model to drive adoption,Market standard for user acquisition and app trial
Mobile App - Pro Tier,Individual Premium,£8.99/month,"Mid-range vs Freeletics (£6.99-34.99), premium vs Seven (£4.99-9.99)",AI features and neuroscience content justify premium over basic apps
Mobile App - Enterprise Tier,Corporate/Team Accounts,£149/month (up to 50 users),Enterprise pricing competitive with corporate wellness solutions,B2B value with team management and analytics features
